NumMensaje,Real,Falso
450,bnqootbrct,Bnqootbrc\
528,xdkapjhlkswrnn,xdk`pjhlkówrnl
693,xhyumfuwcbzh,|hyumfuwCbzh
1115,nzhiolqxyoptsd,~zhiïlqxyoptsd
1127,rmohfzibshrmft,roohfzibshrmft
1200,zzpwbhhxnnpq,zúpwbHjxnnpq
1201,frmeqlgsr,"frmeq,'sr"
1202,uieofnctgksntc,u)eofnÃtgksntc
1204,mvrzftiqmlbev,"mvzzftiaml""ev"
1214,fhiboyimz,fèiboyim~
1226,nfznrhnvhobxje,nfxnrhnvhobxzd
1254,oobjoiosjhfjgwx,oobbgiosjhfjgwx
1263,jmtlwlriqbxtebm,jmtnulriqbxtebm
1264,zknisrorqqxldy,zknisrmrqqyLdy
1269,ukwewwvwxqurf,ukweww~whqurf
1278,qcgajquvaugtdgy,qceaêq}vaugtdgy
1292,trgjk,tpgjo
1296,eqvsjflth,dq2sjflth
1299,ljghqbyxsj,"ljghq""yhsj"
1316,emnxowysgouvddq,emnxwysgoevd$q
1333,azuojavlcr,azuojcvl#r
1334,myfzrjidoergi,myæzrjidkebgi
1364,duarbqmytsywdn,`uarbq}ytryvdn
1378,gflnvrxr,gflîvÒxr
1394,hzcidyruuihls,hzciyruuihls
1454,tmwjhkxyawn,tmwjhk8yan
1459,mkorzjdqf,mëoz{jdqf
1460,nalwbeibxbiujoi,nalwbdibxbhujo)
1491,jahdblmfdla,zahdâlmfdla
1500,opdbxhzibgbkd,/pd`xhzabgbcd
1506,tmjhketdyztwcls,tmjhëetfyzt7cls
1508,ievhowknynoztpw,ievhow{nyoozppw
1515,tauigojcezkhx,vauigmjcezK`x
1546,rnmdbedb,2nmdb'db
1554,zmlwffaj,zmlwææaj
1557,xtonjgaz,xtnjgAz
1561,lkacxkdskd,lkacxkdsL
1573,dcwnlxqdphgeqp,`cwnl8adphgeqp
1574,snflflgregn,snblvLgregn
1579,trvwbrnkrgia,tröwbrnkògka
1601,pvrgirbrvyrpds,Pvrgirbrvyrpd[
1605,sgaorgxerqmqyeu,3gaorfxarqmqygu
1615,gtkbkajesx,gDkâkajesx
1632,hftqyvwbqcutoqp,hfpqyvwbqcuvoqt
1639,pxjaxsaoxnzvik,pxjcxóa8nzvik
1645,oyjemcikj,GYjemcikj
1661,iunsjkusepir,iufsjkusdtir
1683,ffkwfmmimwpix,gfkWdmmimwpix
1688,pnetvk,pneqvk
1705,exkqiitdfgvl,exkqimtdffv|
1743,pjkencczitde,0jkensãzitde
1751,kkzwdwhsgdnkhzo,kkzwdwlsg$nklzo
1755,cwuseoqy,Cwuseo{y
1797,jhmyxtabictwdky,zhmyxtabictwdk;
1798,cecvbfpftwedijf,cecvbFp&twediêf
1814,ligvmxtetnszmw,ligvmxvetncxmw
1820,rysvjexzxehe,ò}svjexzxehe
1822,pdacbozaphwykj,pdacboxaphvYkj
1827,jiktqxxzuivrtbo,n)ktqxxzuivrtbo
1849,wjgwl,wjcsl
1850,dwyhgrhby,dWyhgpxby
1859,nhvvyjcpqcqw,nhft}jcpqcqw
1871,bizxsybh,bizxsyp*
1874,hwidujzqafh,hwidujqafh
1889,ooudaefihfdvtio,noudeefihfdvtio
1892,dvhlknrajvbqmah,dvHlknrajvbql`h
1904,mqfrwbisbnaxq,mqfrwb)srnaxq
1911,gsjufnxanft,gsjuflzanft
1923,mwmxqerzvcggmhv,mwmxaerzvcogmjv
1925,ijbddsqxvkzpse,ijbddcqyvkzpsa
1935,ltvfxlubnxqlt,ltvf8lubnxqlt
1942,aiwbxqszafxqu,aiwbZqszafxqu
1962,daarfhawgkkizhl,daárnhcwgkkizhl
1973,cwwhywagudx,ãowhywagudx
1978,hcmmsdzeuucz,Hcmmgdzeuucz
1983,ioppdntygv,ioppdltycv
1988,wigqpnxssvwznb,wigspnxscvwzlb
1990,pzdecildtualocm,pzdechldtõanocm
2012,wwvotavdqgwnuk,ww~otavdpcwnuk
2021,gwsrjlrz,wwS2jlrz
2024,qdeialbxkyloor,qdeialjxk{lokr
2049,gqqqbeqrvrihxd,gqqqbuqÒwrihxd
2052,rmowuvwlvgmqqm,síowuvwlvgmqqm
2070,pegjguglfyivxq,`egjguglfyi4xq
2076,huvaixvygvgaquo,h}vaixvygvgaau/
2082,myvhnstpecdwao,myvhlstpeãdwao
2090,johxwgxuhg,zohxwg8õhg
2092,ctonfcoflfr,stonfooflfr
2097,opcoftwfmvifx,opcoflwfmvifx
2102,domjgngz,$oe*gngz
2131,mxdiwpoezpi,mxdiwpnEzpi
2137,apihbmthsumezxu,apmhbmthsummzxt
2170,kcxvddjkfi,kchvddjkba
2180,umfmpxbd,uofmpxb$
2200,rqxpqmvfeua,òqx@qmvfeua
2209,tpcgzgjfhwwi,tpcwzgjfhwwi
2227,cnhxqrzbhochapy,cnhxqr~bxochaqy
2235,vvshmmepbrvb,vvshm-%pbrvb
2254,jcztnzlu,jcz4~xlu
2256,cikozyr,ci+/zyr
2257,nibewut,nib$wuT
2259,zmcmrihyhm,zmcmrIHyhm
2266,eqmptbrvkmeyq,eamptbr6kíeyq
2281,hjvubjej,hjpubxej
2282,ojrqbiteoe,ojpubi4eoe
2285,mchilcvzjixwl,ichincvzjihwl
2288,qmispge,ñuispge
2292,jmvrw,jovru
2298,hfdczjssus,ifdcòjssus
2303,nqdwqqivdjqxo,nqdwqyivdjyxn
2310,vmaioz,bíaioz
2312,dkptmhojpfrqb,dkptmhgjpfsyb
2320,fedorexlmrwpr,feloòezlmrwpr
2332,hsdjbbxtg,hs¤jbbxtg
2334,nbjoygpzfpm,nbjoyfp~fpm
2340,vbxiclfhsgfnbgl,vbxicdfhswfîbgl
2341,ukoqojdd,uëouojd`
2342,itpnzqdkbq,itpnzu`kbq
2343,mdrrtsrqocvzym,ídrrtsrqoczym
2344,hocnpdfjm,hownpdfjh
2351,anvkznqg,anvkZnqG
2352,xkwju,xcwjw
2362,qofsbmywghz,qofsbmYghz
2364,bemmgqj,bemm'q*
2365,fjqfwtmxptod,fj1fwtmxpto$
2379,fqgfqwool,dqgfqwëol
2381,pwfvdyxbmnophg,pwbvdyxcmngphg
2383,nspjrbtehac,nspjRbtehec
2391,uheyglvibl,5hm9glvibl
2395,utqpqzhtqkbzcjn,utqðqzhvqkâzcjn
2401,pirqxbxqa,piRqxbxqA
2403,ddqwovhtnjdn,dduwov`|njdf
2404,fisaqsaugony,bisaqsaUçony
2412,chegi,c`egI
2422,ubicmkznurqzj,Ubiómkjnurqzj
2424,zqjgiafjxelrl,zñjohafjxelrl
2428,ftoxtuaetlbgpjd,ftoxtuqe4lbgpzd
2436,oycirvarvkdqvis,oysirvarfKdqvis
2437,prcagszvsqzrozc,prcagsz6sQzr/zC
2439,sffolkxorlvajg,cffolkxorlvarg
2450,bmjlfotdezh,fmj|&otdezh
2452,pcomkvzeklzzh,pgmkvzekLúzh
2455,auxsajppkcryr,auøsazpp+cr}r
2461,rzlzrulkpopjok,rzLzrulkpopjok
2470,zopppec,zoppp%c
2471,xajetdjiienfz,yaJutejiienfz
2475,dqmnpdsrrq,dqmnPdsrpq
2477,gnfvjhbva,ojnvjhbva
2480,cqdonj,cqhonj
2509,fsofginy,fsnfgùny
2513,dcatifklaao,tcat)æklaao
2521,sgguw,r'guw
2524,ghxpyixytgkeqj,gjxpyix9tckeqj
2534,kiipqfqvfatbk,kii0qfqöfatbk
2536,hwlynypawrn,hwly.ypa÷rn
2540,gjlspemth,gnlSpumth
2543,whsiuurpqo,uhsIeurpqo
2566,ikpxgxhlbrkbit,ikpzgxhlbvkbiô
2567,ikzfylumwpogdnn,ikzfylulpogdN.
2570,zrxqlwqtxki,zrøqlwqt8kh
2579,qyrhuyhh,ñyrhqùhh
2583,cqsoqamz,cqsoqdmz
2596,jufrvfyguyd,jufbvfyguyä
2601,kjvkwlxhqdtam,jjvkw|yhqdtam
2606,natxdg,jatpDg
2607,ycfxdek,ygbxdek
2611,akeukojwgk,ajeujobwgk
2613,jhdwrszgbfr,jhdwr3~gjfr
2614,xkjqcpubsjv,xkêqcpu`sêv
2617,reoylrwxqyf,begylrwxpYf
2620,vcbhgikjeq,~gjhgikjeq
2622,zamkrrdxwb,jalkbbdxwb
2623,jxregkc,kxreïkc
2624,xwdobuiutguaxlq,xw$obuiutgua8ls
2628,nlauwktw,Nlduwktw
2629,fqoekn,fq/ekn
2638,zmqrz,zmurZ
2643,lowrspgvqjv,|owrs|gvqjv
2655,nfcthlkx,lfcdHlkx
2656,hofkyuwklm,ho&+yuwklm
2657,huvotsdyebfzfpe,huvoôsdydbfzæpe
2661,eeootxwhkve,ee_otxwhkve
2666,xntpcoulr,ønlpcoulr
2668,aauaztml,aaõaZtmì
2672,kymzlwbsf,ky}zlwBsf
2675,zlgoqtemqxlggzq,zîwoqtemqxlggzq
2687,nzinjpbub,njiljtbub
2688,awusdfqdja,ásusdfqdja
2692,frawueeqkkpuiyw,fòawueeqk+xuiyw
2693,jydbojaewuers,kxtbojaewuers
2699,poryqasdn,porYqasDn
2702,iuvzxa,auvx|a
2708,vfahytxqlohkpz,vfahytxqlohop~
2713,bkwpqrdlv,bc7pqrdhv
2723,pnpcuzgak,p^pãuzgak
2736,xhbsdeafab,yhbs`eafab
2737,kunyufdtxrknd,kunyufdtxrk~t
2738,hlxmumfvdpysw,hlxmwmfv`pyów
2741,oewlwivzzvyani,newlwiþzzvyani
2742,rmezuu,riezu}
2747,ktuzuthiqeqzuap,ktuzuthaqeyúuað
2752,kuuemmvtpoqpvvb,kuuemevvpoqpvrb
2759,nlunrirflzjhz,nlunrird|únhz
2763,tfhbskjsve,tfhbskjsv5
2767,geasrhnraycpvm,geaSrènra9bpvm
2769,lhkxyemaocrz,",hkxyemaNcrz"
2772,tqpvjuj,vqpvjwk
2773,rexlyuctwrzn,rmxhyugtwrzl
2774,hrkhazlpffdkar,h2khaxdpffdkar
2775,erbfcgxfgzdomp,erbfãgxfozdo}p
2776,kmxbhqfzsfelnxl,kmhbHqfzsfaljxl
2779,cmbpvfgogr,cmbpvfçOgv
2786,ndbgnfegwfflk,nDbgnvggwfflk
2787,mkxpsjlusr,ekhxsblusr
2790,thciwcd,uhciwcì
2791,nmmrpzsnacibvvk,nmobpzrnacibvvk
2799,pkpibck,Pkuibck
2800,qbvqwv,ebv!w6
2804,taolemukvmin,tanìemukvmon
2842,okosksctpdjk,oko3ksct`ljk
2854,hpqdnmavmugbp,hpqdnmav)ugbp
2859,tcctdmsbyfeii,tcgtdmsryfåii
2863,rgeofmesdyxfe,rgaofmesdyxf%
2864,vxzspuaynjntwe,vx[spuaynxntwe
2865,wpzbewuvycz,wpzbeWwfxcz
2868,fgqlh,fgñlh
2869,oexpzjmhbmfy,oexpújmjbmf9
2873,rprsxrfuiuh,sPrsxrjuiuh
2878,wjjykahsbk,whjù{ahsbk
2882,utinsmyr,utijsmyR
2884,mhxqzvem,åhxqz~Em
2885,tvmdzlojtrpn,pvm$zlojôrtn
2886,twkebwi,pwkebsh
2888,prurwkegqou,prUrWKegqou
2890,vmhcnmetbwlhk,V|@cnmetbwlhk
2894,zoopxdhougbhfrk,zoopxdiou'bhgrk
2898,zdvpatm,zdr`atM
2902,fgcjxlmwooltj,f'cjxlmW/oltn
2905,gunqokujlc,genqoëtjlc
2909,wrmslbdm,wrmrlcdm
2911,iflatfjpebm,yfeatfjpebm
2914,ndnwepsgdbkgb,ndnw%psgdbkgb
2932,ftxartzivdqpu,gtxartxivdspt
2936,qlhzntbgbhjc,qlhznTbgbhjc
2942,yioofouyvangntf,yioof/uyvinontf
2947,xxohsvdiwq,xyols6diwq
2950,acywqievlypoefn,acywqhevlYpgefn
2959,ywefyeiauydbp,{wefyeiau9Dbp
2963,loawkpc,lOagipc
2964,wqroborthewrvmm,wqRoBOrthewrvmm
2965,vdgvafwaypwjxj,wdgvadWaypwjxj
2984,imeeycpekmfq,imEeycpe{Mfq
2991,xjyxsaxdfcblki,xjyxsáxd&cbnki
2996,mkmxueupndzevej,mkmyugupld~evej
3010,dokquaajsesy,$okquaajsesk
3011,btyvrhygw,bt}vsjygw
3015,ewgixtgjwgjheks,esgixtgjwgjhakq
3019,ztrnecipwqgc,ztrnåcirwqg#
3020,iqfoklwi,éqfoklwo
3023,ekdtjhmakbuhowv,ekDtbh-akrõhowv
3034,stebfawyn,ó´ebfawyn
3040,kjkddnoghhttg,kjkddnoohht|g
3041,zjrvwvsqqkechd,zjrvw~óqqkechd
3042,aqybypwaqtxrfkj,aqybyPwAqtxrf{j
3043,refxij,beF8ij
3046,shzwxytsnuovi,shzw8ytsouowi
3058,ztjukaraytrjh,ztêqkqraytrjh
3062,xzmmwlpnzpsquq,xxomwlpnzpsquq
3065,kgvlmmlwysxupa,k'vlmmlwysxup`
3078,ssqtdx,ssytt8
3079,bkbstvzjfbtqxw,âkbstvzjfb}qxw
3087,qffzgfmvy,qfgzGbmvy
3088,hpgaknuy,hpgajnux
3090,ypxjehtoilod,ypxjuhtmilod
3093,bnhuwaiydifb,bnhõwaiidibb
3095,kvyzgmoqlstmg,kvyzgeoqls|mf
3100,edcsdoqvk,mdcsDoqvk
3107,hbvesemehdrry,hjveseme(dbry
3108,uwabul,uucbul
3113,kxiuvybc,ixittybc
3120,vexrpaclbr,vezRpaalbr
3121,uzohhaclgxm,uzoHhaclgzm
3123,ncvcawvyawsxes,ncvcawwyawqøes
3124,tbcyfyydhz,tbcyfxùdhz
3128,hanso,ha&rg
3133,tmapjlxmij,tmapklxm)j
3134,gsurpwbssnowyes,gs}rpwbssnow9us
3161,mmpnkbmenntjz,mmpokbmunntnz
3174,hifiqmir,àifiqlmr
3178,tfothsdruywn,tfo4hsdruywl
3179,xpybz,xpùbx
3180,gdbvtoaxwkxtqnc,gdBvtoaxwkxtujc
3182,rvxjudysstms,rvx*udyrstís
3186,axprqcoxjpjaoqf,ahprqcoxjpjcopf
3192,twkverzehnouno,twkverzd`nounO
3201,swytgz,ówytWz
3212,gnwyzetocwqu,gnyzetobsqu
3217,nuxqbbjkwuqghdb,nuxqbbjkwuqgh`f
3220,fbudscmszskipq,fbudskíszskipq
3225,wxzfdobshtcrcky,wxzfd/bshtgrgky
3230,xevhfihgmjmoi,xe7hfihgmnloi
3233,zrwsdfhlo,zbws`fjlo
3234,qfttdybbyyhxsu,pfttdybbyyhhru
3236,qpadglwyixsa,qtadglwyéxca
3241,woexkb,o¥xkb
3242,norwbzijdyuap,jgRwbzijdyuap
3245,rxualqgputgboff,rxualqetutgbofæ
3247,covcuimyaogm,cnvcuimqa/gm
3248,mhtqlvvg,mètqlrVg
3250,wihelcqdjkhamjf,wihdlcqdzkhaijf
3253,rfznujmxu,rfznujmXu
3254,xpnevnd,xqnevît
3256,tgdspuzgqsxjqb,vgdqpu{gqsxnqf
3261,iyeozflxojar,iyeozflzm*!r
3262,ebtqjspywpuh,ebtqjsð{wpuh
3263,ytizrisdxo,ytizrIslxo
3265,onjyup,onjyu0
3270,euybanwtfczyqv,e5ybangtfc{yav
3277,fyoemrndj,fyngmr.dj
3279,civptnjmmbj,civq|njMlbj
3280,ctbocfvpbykj,ctbocvvpbik*
3281,vfvcqe,tf6cqí
3284,nazzhwzttpi,nazzhwxttPi
3288,eswuwwlliirkr,%{wuwwl|iarkr
3293,pllrevliwhcsos,plHrevliwhcsos
3297,bcqfifzvv,bcqfifzff
3298,tozgwvhaxlflcsz,tkzgwvhaxlflssú
3302,dufbkexoffuf,lufbkexofdtf
3305,ejncyiutqbmuadn,ekncyiutqbmuedî
3315,tznswybndm,tz~swøbndm
3316,qusukhu,suòukhu
3321,orcrojkpnkq,orcrojkðn+q
3323,fdwdlcfvxuw,fdWddkfvxuw
3324,kjacuctrouyejs,k*acuctrot9ejs
3326,fsftowpkqesf,fsftowpkq-sG
3329,iellmhaggzmcbl,iullmhaggzm#bì
3339,ushkxr,
3351,pqyjvxkpls,
3360,fijdusdd,
3375,rrjcqmrzbf,
3376,scrzbswemv,
3383,jcfiktpwtx,
3385,wpydk,
3395,jnmyqnegd,
3421,hezqwzrpt,
3434,lgzjopbpybho,
3436,cvfuezxzl,
3450,fuwvhaybdzypucm,
3456,ljnxfmtnmlfzhv,
3460,ggiuvwte,
3469,pqbcocxq,
3472,ybxhfbcp,
3479,gsbijr,
3481,nvzdas,
3483,mtlbgjlij,
3493,bqmunp,
3508,fwxexww,
3513,wblzjrbnlcrsah,
3514,ivnaztxfviz,
3529,bdviog,
3533,zevxryxnrtvof,
3534,uremledrdtz,
3536,facibbdkdypxq,
3540,ktsmclcmna,
3557,kswomdbygzlatcv,
3577,adeokfar,
3578,pdwosbnoz,
3580,qfeugaoqeva,
3598,diptm,
3608,xspumvkwti,
3614,kplrqgahpcop,
3626,qdgnoheyiwtg,
3644,rbnypl,
3646,rljbuclpnyvd,
3655,zrndvbiqxfvp,
3670,xfqwkrkb,
3673,mstqiydmyutvve,
3704,mymjubye,
3710,eqwwspoofp,
3724,zrkhpjg,
3729,voifkzrii,
3731,fxflocftytyikm,
3737,fevrpcudwngqhqc,
3746,qnzeuyyzm,
3752,vdieq,
3762,fcbtfqdcnda,
3763,qzaqexgtehxni,
3769,ojuayiavljktpy,
3772,zxroowef,
3792,pahkffthvv,
3803,bsihsncnpvcp,
3804,gsqsvpllvstmici,
3815,pjkvf,
3818,apynlsmohcfasju,
3835,obxjegsr,
3870,onbyogdwsommxmp,
3871,oxegrwlawtyetd,
3876,onnnhywcruub,
3895,geetwjjoacuxhb,
3905,jidhjrqyotqpbi,
3914,newvbpkdb,
3919,tifpwmupf,
3928,ewgbblrmhwvobyj,
3953,qdkoc,
3956,fcsblfykoubl,
3958,twlafrpaaiiqfx,
3960,ucciutu,
3983,djuuo,
3991,mhwwjboaolkqw,
4007,einqgilofujuqq,
4010,lbehonqcrhaxqe,
4012,xohnji,
4019,zpvlvraujuist,
4023,sbpqdquw,
4057,pkxsfncgsiylbp,
4066,yrmouiwwnid,
4067,dbydhoy,
4084,qrkcvpzuyrotgl,
4102,qvkebsburpszjjo,
4108,hnbgazzshnav,
4111,vpsft,
4114,mrnnbpz,
4129,dbgjrsnjtnc,
4134,jldzhdnlzcqu,
4138,geebgzhd,
4159,rlslnb,
4173,qtorndxjlzk,
4180,zjqdqgcepsle,
4189,ckhbsthpk,
4199,adjjrjzjchahyy,
4225,fuprelgovijov,
4234,zxjowiswwl,
4240,gywpjj,
4243,piqucynzvoocv,
4248,ukjcufp,
4271,lfflqk,
4274,qhybmd,
4293,wtqwxqlglbigsl,
4294,ylcghcnnwszc,
4306,wbeqtxsikcrj,
4328,lvbvqzrpkljhqz,
4330,hjpylkxj,
4333,hsxhomsycslf,
4351,tcusdjcpmkuoyjh,
4353,joyye,
4365,bioiy,
4368,caxyuyh,
4369,pqivq,
4371,ocugtwej,
4396,dqsigswgkytfzdi,
4398,vytyr,
4404,usyxgcjlitp,
4409,qxrhhem,
4415,aiwhban,
4420,efsclccx,
4443,zsmnzjxvr,
4445,prmrgmajc,
4447,ycbxdjdcjujy,
4449,ybaycous,
4450,toqfmvlgdkhg,
4451,cnzbtujdcwbpkvz,
4452,utqjzvtfykbiu,
4453,busmuugcknmjklw,
4459,kyrjivubnbkle,
4460,quloqy,
4463,djvxnmms,
4464,wtmqipaondecfx,
4467,njrvvee,
4468,wfvsxe,
4470,nxjjcrzvrfahoin,
4471,uaxbxftufw,
4472,znftuieschyfkms,
4473,usfupvganejkbdl,
4475,aractvngk,
4477,xuutdvzdwiiu,
4478,zyywmerwdw,
4479,kzrpthb,
4480,gdkogvhxdrcnvvi,
4481,slhcyejno,
4483,jxoxpbydyd,
4484,pctoafggbpxyclx,
4485,kzdeymtcq,
4486,jqembvdhmc,
4488,diyivzutg,
4490,hjrwzkgweuznfnu,
4491,ywjkianni,
4495,lyqbgk,
4496,xvtmewblfdou,
4497,osltipfjlfi,
4498,clqige,
4499,xqsstbhgxbcb,
4500,hjpsigkr,
4501,ejvpdkefreqa,
4503,fjoowcwculvx,
4504,whsso,
4507,cpytjzvwnkeydbo,
4508,adchgiineidea,
4509,jksyxcpgarlysn,
4516,ufnzvquwjv,
4517,mpuwywcgg,
4518,avhjdvqwear,
4521,bqslqndibefqd,
4526,wwmcgfnvtb,
4529,vndyzjz,
4531,idccn,
4538,jtksjvdvnnhvy,
4540,zzhhnyglldx,
4541,gdydigms,
4542,moqfyhexvkf,
4544,meffglyghyqlkal,
4548,sjurxqkhe,
4549,tqprgwwsov,
4552,gqryusrs,
4553,wbwrvujbik,
4554,fnupkzyv,
4559,frrtzx,
4563,uwldoudkdoeria,
4564,dnbjswojopeguc,
4567,qxdufvgsjtqqe,
4569,fsttm,
4570,ggzggurotzacj,
4575,dvllvn,
4580,ycjyujbgatpdvj,
4581,dfzpiachvb,
4582,zdvdjx,
4585,xpicywomstrm,
4586,vzhkmgpbgknnmv,
4592,cpbmiibbp,
4594,lxqrosundhs,
4595,heeltoeeplvsos,
4603,xsoxslhomqkvrac,
4604,ntenrwkpsoijrp,
4605,kaeqbptaa,
4606,gyfrpsvbgb,
4607,seicxrpohrwvkbp,
4610,emeogpg,
4612,bujypczpk,
4614,kcikmsdebz,
4617,dxyhdzwjec,
4619,zimcrllzdclbli,
4622,txymztzd,
4623,sovffkdgbzd,
4631,cfyitcfyqygccik,
4632,nphojrzrvpwbs,
4633,tmdpcn,
4635,rraaspr,
4638,jnlfhjjve,
4639,unzqpcb,
4642,ktfhldivvr,
4645,vyegh,
4650,bmobipjrc,
4652,kbwvsxiphse,
4654,tgalcggktbqjo,
4655,kqjercbqcuie,
4656,negchijn,
4657,ejhctrojqaptc,
4658,jqxdyuiaxeji,
4659,bcihqotoxrrneif,
4669,adskzbmrgxxw,
4672,kewflwlzwxwro,
4673,ymmomcyuhcrgs,
4675,goljhhydlnfagz,
4676,qcryvntolxzuv,
4677,cztxlyzr,
4685,jkgqviskz,
4687,xhpgazwkgxcxa,
4692,jwriprytbu,
4693,kugowztycukyshc,
4706,aaeejochngolkty,
4708,ajawlxzjs,
4710,tuawlprybvkg,
4711,judnertojksbtmq,
4713,yphpmeduvhm,
4714,qksrmffzg,
4715,xcnnozegfhu,
4716,voqox,
4717,rmmjbbhhdoynzi,
4719,qjccvrklbiwco,
4722,ududptahgtd,
4724,vopcdriycedn,
4726,rhupjsnxymyoqx,
4728,qkugenskynibw,
4740,ryhovq,
4741,dbuuz,
4745,fdcbhcqlybgzl,
4746,rqatwhmsvr,
4750,lbnclvnjm,
4752,lmweyoenjegztsx,
4754,qzkwmzdmxbnfhg,
4756,prcubbeyv,
4757,iygsuuieexsjp,
4759,kwabiotmp,
4761,odowowtzpnd,
4765,ubevfhn,
4767,ieafmhafnsh,
4768,ifnbjavw,
4770,dvndyqkzdyvfpcm,
4771,xvpgrzuidjq,
4773,qidfhtehcu,
4775,pfqdgiocynhv,
4777,pizecvpsxqwna,
4778,tithqkg,
4779,acsyzykvfzbnt,
4783,xvamhwdilbfftn,
4786,wbvujcjlb,
4788,xqnovraqkx,
4789,yerpxvhzaflngbl,
4792,vepihwbxf,
4793,xzwtlxpr,
4794,wozgcundiohi,
4801,ayjidkzntyym,
4807,ojjeqlxkhgye,
4809,eubszouqrsec,
4811,dhzjhyhritkf,
4814,vlkpvpadv,
4817,zdthmxzur,
4819,ztrlwlkjmrvw,
4820,bmmnzxcjthsffv,
4821,vcaodoyb,
4822,plnvghrclilyk,
4823,bkhqixeybfkehbg,
4824,vdhokczwjl,
4826,ijwfvrbynvgt,
4833,flmucdjcmtbtsn,
4834,unyizf,
4840,hkideins,
4841,yphhnbixuzcqrug,
4844,wogpw,
4845,sntqtxnso,
4846,plxattkzwjfp,
4849,mvlcbawohguq,
4850,djxbsb,
4851,kkcjxmtxnxprha,
4853,lmaqqd,
4860,wshncdwucl,
4862,oqbzuy,
4863,qtcpqd,
4864,nfbpbuayiwipsx,
4866,jylnssnivvzd,
4869,cmzzczkoucgbzha,
4872,qwaeueglkqzzdzm,
4874,uvexus,
4876,uhkcuissnwlbdln,
4877,mknroqnh,
4886,fvnpmmbafxgulk,
4888,zxwdpzfz,
4889,hqycvjxqo,
4890,sqnqemukjqpzjj,
4893,opnqmned,
4899,yovjcdwhibyjliq,
4901,pqhps,
4902,zfijenwinbrxz,
4904,kompbnmjbjfdzh,
4907,tfgxompquevztum,
4908,wwtxovciqttt,
4911,yfmhqvudogcya,
4913,wqozynaqbpluh,
4915,teoqhfv,
4917,pljdctg,
4920,efvpgccdz,
4925,felnaice,
4931,mdhod,
4932,ejdeet,
4933,ujcngfyyqgwdis,
4934,znvhdazi,
4935,wmoykdijdghtk,
4937,tybql,
4938,vnjwtcjxybv,
4940,rkvbfzznonmoqe,
4941,jhkomxcroqlry,
4943,nnjxzlic,
4947,qstlvbpb,
4949,bpqorfutbyji,
4950,ljtywjkzbukqtv,
4954,rpelsstluydt,
4956,viwvnmihtmjx,
4958,znqthkoiy,
4959,dvaqiytgboud,
4960,baurltemrvnjp,
4963,miaxlinzxbth,
4973,gfktjxvdhdvy,
4976,yztjhuxyltqsrf,
4984,bptjkbbcb,
4985,ykbtuhm,
4987,comzzuvjoseb,
4989,qxfiyrojgdup,
4994,rciwpibuxrvnype,
4998,htgprfb,
4999,pjncbjhlm,
5000,xtuscqukfol,
5007,fgyhsvoouxjujn,
5011,xhzorr,
5012,yyltpvsfe,
5013,dstpaia,
5014,zshlwbm,
5015,xwcydqgskuhnl,
5017,cxxdufr,
5022,knyzmdayfrfr,
5025,ucdvqmk,
5027,vpmfzswhn,
5035,kyvnqycbutk,
5038,hdsbfhezee,
5039,tqbrfqerzx,
5041,tdiudytlxvkf,
5044,zzneyawevpv,
5046,cdnuow,
5049,rhcxdy,
5050,vpzmedlzyx,
5052,pavyslvjl,
5057,jdtghcw,
5062,gupwpcrvigcdz,
5069,flhzrjioultee,
5071,ggoccabgf,
5075,zinigfddih,
5076,vzcwaroosya,
5080,spmjud,
5084,fhgsxofizcwyp,
5085,keysinygrljzbzy,
5087,aaygrszvizzv,
5092,qkhmcbjjfde,
5094,dzskguwrlblzfrq,
5097,ixpeeytlnmpfv,
5099,gnevzrhmj,
5106,tajhshsdinzmz,
5109,jqrptxnfmty,
5110,wxttgboj,
5111,mtojit,
5113,indycevdyssxw,
5115,wrwsnzfiutbx,
5122,rljgzgzttfpm,
5124,clavuojlgtsik,
5125,fxtcjuyrskxezw,
5126,bgblamhpjngzpe,
5127,mfvixpiroesoola,
5131,rddoxmjackkm,
5136,onohpovunfoyer,
5144,azlhbcc,
5146,ianztkony,
5150,kdrfatmvf,
5151,smwbxytoesbst,
5153,jqccx,
5155,wpvwdooelpkpzp,
5156,stvxfwo,
5158,zjdxkqrmrjh,
5159,ghkvojrxpurrn,
5160,qqpfjqihxfqe,
5162,afmwpqjk,
5163,wzezomkrxjhx,
5164,mjihitsw,
5166,jfdiwlzerb,
5167,ueyauzjmzyhpxm,
5168,wfhpxtr,
5170,ejkrlotvpgsbuj,
5171,yylnyfxzwm,
5172,atyacpknnxqs,
5174,rqgklwaxdccftpm,
5175,ymsgqkhqrqzl,
5179,ssigllgeutwzyln,
5181,wnmaqfklnienwlh,
5184,eyohprzvhdr,
5186,zmxrtnoq,
5187,qwqrqgumagtvtk,
5191,ahqqd,
5195,bjqvvgyukquffp,
5196,dcinwwwlofttxey,
5199,bdowvi,
5202,affmdvrc,
5204,zpgyfa,
5208,tzvezezqtpmz,
5210,umzlitjhzammfrq,
5211,flhdp,
5213,dvqhokzkdkm,
5215,wcsoqvbblbvt,
5218,ajvcfor,
5221,iszzisgcqfqe,
5222,unbdlff,
5223,jdrufdbzzk,
5226,yahpsmtcwmy,
5232,xszxyhvn,
5233,ajsdwynrhbw,
5235,kakucay,
5236,aqkhgxborhxzxxk,
5239,xsojqidzvpz,
5247,rpipqspsbtcqv,
5248,gdwkm,
5253,nierykwfkfx,
5255,umonaidqebwwzo,
5256,nhssvollinasxn,
5263,ghizvkmfb,
5266,lwitstzyrcocv,
5267,rqdcdjbkqeljmnf,
5269,tdnsmechidokrmo,
5270,rkawxmiypdtzx,
5272,uxfbuqgysasrcsr,
5273,brwszgrazpx,
5274,iukigqoac,
5276,nbqkaye,
5281,popefkmybwcb,
5284,vwxepqtwckgl,
5286,wpjwtzoskd,
5288,yjzxyetdq,
5291,vcpgneqjlxp,
5292,seuecmkqwnsuvfi,
5293,mqehoezqwwm,
5295,qrejslgyxjlqmct,
5296,zjhztb,
5297,jzbcfhepqt,
5298,nmllnfy,
5302,tzeqqxgfb,
5303,ppoksxvxxydb,
5304,rnzvinaxrcu,
5308,jvkfquyjusccu,
5309,zsydmw,
5310,vsydlkkwj,
5311,airidmpqvhjnwz,
5313,vcczxurxxtlru,
5314,rlabaynbbfz,
5316,cjeihhgoxoorbos,
5320,bgmvvirgjole,
5322,fhuqgrjbcerigo,
5323,noqdbmspgppd,
5324,giqgnofqyhzzwr,
5328,awpuvshxa,
5332,gxrpzygouiomlz,
5333,dknzrnftyegf,
5334,yzjevnzwkijpa,
5335,znukbyiffjklffn,
5336,rgvobhmtjnqos,
5339,yelcdh,
5340,cwbeywoaftqk,
5342,xdivb,
5343,aofvuojy,
5344,kzyyiqggwuplopx,
5346,cbwnysptn,
5348,pynvjalmxfk,
5350,kzvslnhsrw,
5351,otknzm,
5352,jlfyixmhgjm,
5353,exkgfrw,
5360,dmjvsnlugsyek,
5361,fqpqnoqf,
5362,ccwlfrjgmlnyefl,
5364,dmfkcyr,
5368,egnpsifgjzhxzdm,
5369,oyult,
5370,yzceu,
5375,vpqyxaohtf,
5379,juenjovejpx,
5381,usqzade,
5382,jgahnrvw,
5386,pqqhyot,
5388,ujnfkueuass,
5390,nvanekjwdngbypl,
5397,mnchww,
5399,dzkazrmzmzodkyr,
5401,avtgpaapumwxmg,
5405,vcourqn,
5412,qgvbesrfiznffiq,
5416,zuoodfexxngzoax,
5417,kdltgjsdgxcx,
5424,xfhteiejhtpui,
5425,nmwsoxccfl,
5426,izgvkbtmdv,
5429,zowkcr,
5432,mbixsfgnhmopauq,
5433,jmapjyyl,
5435,ueoxihgijmztgo,
5437,jxcjwxtjomll,
5438,qqocvvpjhpwtopk,
5443,yloukxlweaw,
5446,yxsuptbmfkm,
5450,ztzatszygab,
5452,uriqjxal,
5453,yhoielztuyl,
5454,pjwjumxcqtvua,
5455,rlmwu,
5459,yzuwkzyete,
5460,vnvohgkvljafuc,
5462,rrmahysbyps,
5463,rxmwneltmjfoxa,
5467,attxmdjxmmbqij,
5468,zrgeeyqsa,
5473,uwweulcwyxljcnd,
5481,nyeiypiecolsnt,
5484,rxjtdokrjhejm,
5488,mccyfftrgwwsi,
5492,mjlyo,
5495,psvcvdpwpfjscjb,
5496,gwogvqnwffrsl,
5497,nmebulaoa,
5498,wpdzvarsuqt,
5499,udjyy,
5500,gydangovqmewi,
5502,cexrdkzexeifqn,
5503,yviacblzebcye,
5504,qgjcdt,
5505,xrsea,
5508,mdepjujlwjmti,
5511,zlpgfnfuxeiqg,
5514,ezfshtneppzc,
5515,snrtw,
5519,ulduvylqqteu,
5520,bswrfd,
5521,hxatybqivgmejox,
5525,zsoqgjlkvxysc,
5533,ilubkzydofec,
5539,cnekajericxk,
5540,pyfisyxtyy,
5541,gpgzbxka,
5545,kgaaxvkxznbw,
5547,bfqhhydiwxcsre,
5548,jheokz,
5551,micuxbfnsiaasw,
5552,karkohcnvp,
5554,ongyvt,
5556,fpcvdrpscqoaq,
5557,udssdv,
5558,grgehsnvztlhge,
5560,csiqaxzrkcun,
5561,ykbhexldzubvw,
5562,juiffvylumzdo,
5563,ydqtl,
5564,ustvgb,
5565,joaafgmvlgnkcf,
5567,hznncujw,
5569,ygcpimpz,
5570,orhhqdctudqx,
5572,ylcafipzqsbq,
5573,cidcqitutd,
5574,nixcbrxxvagrj,
5576,fwxvtfupz,
5577,fvaya,
5579,vemnovj,
5581,ljtpomnazdrrgp,
5585,yjmvztnxgcvth,
5586,jcdhdkd,
5587,gbdxeboicfrvs,
5589,ygqwmcrmefir,
5591,gmvbehroskpsx,
5592,irkidvpmnytg,
5593,azlvzvkjtpc,
5594,dqbwpycvabckqql,
5595,kfgtslezrwxjzh,
5597,ochcigjnka,
5598,zarkujmckh,
5601,aodwqluvdfplpsb,
5603,vbyptvtaeht,
5604,asxvinfasjausa,
5605,dzyerlxgp,
5607,llezvptn,
5608,mvtqvzpg,
5609,tkzsevunqojdmv,
5610,swprocppx,
5612,gllptstxas,
5613,tqfcrveseghq,
5615,hadoyvsrhhiwp,
5617,urutuscacvlei,
5618,mpjusuorcdzqpy,
5620,asxrgydslqatqsg,
5621,vmfvpamrokg,
5623,nfuudvqrmtnlijt,
5625,nrbkqgmsnkdff,
5628,idcmfixifzuxob,
5629,rzhieei,
5630,vvbszhaayuhgiws,
5631,hngnoxrsad,
5632,zvozzfe,
5634,lxntcjcy,
5637,lulqlixk,
5638,hxvtrbfh,
5639,hnmimplyuluml,
5641,tqevt,
5643,fblreisvurkrj,
5645,coggwixvwr,
5647,hsekpfoydg,
5648,xvrtqalpmhtvis,
5649,stzhtbjqapkc,
5650,zrvnnta,
5653,ojmrvl,
5654,kyapnjbqfucphxp,
5655,onlmljvsgfxiyp,
5656,kljywje,
5657,odxavbinohcrc,
5658,hdqrrfxih,
5659,ijcmsxsigix,
5661,odapxrghzbu,
5662,xjirqzbnzrv,
5663,bevunoe,
5664,yhtxiw,
5665,xplkyevwc,
5666,butsctpcojbcd,
5668,vskwtipwsudpyvd,
5669,vsumnyfjqrx,
5670,eevqathkxxsslbc,
5672,armdipmhrsyzo,
5673,ydyvwtdvy,
5674,neuxsmhxjnsmg,
5675,siryi,
5676,jybky,
5677,ayfszhvzcmohj,
5678,zousuvajyjuw,
5679,jkfilbbmep,
5680,pgrtrvuvpagbybs,
5682,hhtyztui,
5684,vtitqczthfcjxmx,
5685,hwlossvkn,
5690,galkggvi,
5691,szfrznkkm,
5694,iqeevkqhwiof,
5695,ezyfmwbwltiatx,
5696,eubie,
5697,bhorqvacanfsb,
5698,aeckijgooqadstm,
5700,qxfglj,
5702,hpfysulvr,
5703,mslebao,
5705,nqkbgyzifmtpkw,
5706,evycu,
5707,btfxexqnuj,
5708,maaunthzz,
5709,sylwtajwhgryb,
5711,plfrbqubwe,
5712,xxnisqfwozccj,
5715,rctiyigkhn,
5716,gyqsdzet,
5717,xiorfuzf,
5721,pezrcizjpduf,
5722,jjaaxemiamdz,
5723,qjsigfqiffmaj,
5724,rdvggsektfiytk,
5725,fwybwpkuk,
5727,iuyosveykh,
5731,ujtrhk,
5732,ulzqwa,
5733,azqhyoltbdao,
5735,rqqokfdydax,
5737,atomjftmymkli,
5738,dnmngmoglgbino,
5739,xssjszdvefxzj,
5740,enlyfaykrtyvc,
5745,higyhxdvk,
5746,qqpiefhusgpxv,
5747,jhmaqnnrqaiq,
5748,zdspvq,
5749,ybnnqmgxgvr,
5750,pivyrzoblpqgak,
5751,cxvjkch,
5752,bveqphjfeceaomq,
5753,dikzubx,
5755,utppgcbg,
5757,waztohih,
5758,sntzvcinin,
5760,otybgghzlflsfah,
5761,emmqqipjcsouxb,
5764,dlalqgmxyhh,
5766,gotbzkhjzzfwpk,
5767,spfvxunssgilj,
5769,njvjhkxgvgs,
5770,oxxlwqbrzy,
5771,kegipjakrse,
5772,wsditpognsppj,
5773,lifrckr,
5776,lhvetifh,
5777,mplpdxhndql,
5779,ajacjuausxi,
5780,sbgrnwbbacd,
5782,esjhhfbcgvurl,
5784,ydvqxzjbnt,
5786,bfkrfk,
5787,alivyspkzygtg,
5788,gtnutwcoaqk,
5790,tbfuadnh,
5791,fydbuiypkmvd,
5793,mfaeqnvpqixycv,
5796,luroh,
5797,zinhtnp,
5799,pxmdsu,
5801,jglmyuyz,
5805,tnjhripmdape,
5806,pqniftaudo,
5807,aztxqfjuooyxvmy,
5808,nnvsykvcpmieurm,
5809,stdzss,
5811,vijtdtnio,
5813,nwkmjloqc,
5814,azjljs,
5815,cyaqlk,
5817,htksfwrfsalo,
5818,bfnjcypibitnpf,
5819,eimhfxmccosqktv,
5821,mnychug,
5822,mntjgfshozmixxx,
5823,rxqcyx,
5825,jomeafu,
5826,ngkpikttgfhs,
5827,dbsakgezfdirq,
5833,ceesgfperop,
5834,txwnjzfencdri,
5835,nszimajkxwm,
5836,aihzkttcgck,
5837,iihwoaufa,
5844,nqihhnpnkvl,
5845,xxieuhhaeb,
5847,iqydfpqahsrw,
5848,socduugoulcin,
5849,akvpxwv,
5852,kmimmygs,
5853,fdnniednn,
5854,qrmjoz,
5855,utubmvayqfflmk,
5856,ozekzsvhpn,
5857,staevlpt,
5858,kwdxk,
5862,pewvynlazv,
5863,lqkcpezyzz,
5864,utgqechzultz,
5865,vxvrlufp,
5868,imdosl,
5869,gzngktox,
5870,quomqrqki,
5872,ajkobuyvsqqjrsa,
5873,hputchzcdpjx,
5874,wraqcuvtxzeg,
5875,uptxebwseebze,
5877,fjwkxdtuiywcr,
5878,frgczqatkcx,
5879,jaevczutgfep,
5880,njaposwdygcj,
5881,dejgsbgcdgrvue,
5882,idkyerrsakcshus,
5884,emdnyumv,
5886,hynkztdv,
5887,bqjlffamlnbsdfg,
5888,egcociwnfggp,
5891,ggnwx,
5895,tpmipkdjug,
5897,qpdovvauai,
5898,bynoorassjrkjwd,
5900,hldiqlk,
5901,onhfnsux,
5902,qngtmkevo,
5904,tedbdzfak,
5905,iplclf,
5906,zfsagouv,
5908,ndnnhkxqy,
5909,sabkvcxm,
5911,rmjticei,
5912,kmcdvgmmapw,
5913,iibwwpyxpkqud,
5915,qyfkvodbsgyl,
5916,afezhfv,
5918,syauuwbf,
5919,tscbfqnr,
5920,thzdcgxrourbzl,
5921,popktmyhhngt,
5922,rogxflr,
5923,hlpkyffdskjwv,
5924,czpwuvdgjbijk,
5925,uyedox,
5926,goyprmbjlmqcn,
5927,frnmxmjgrp,
5928,zzxjpkgiy,
5929,lenhwkv,
5930,atfxyefbmancd,
5931,exsyllws,
5932,wfmvyzqtrb,
5935,yqlswroqtt,
5936,oxnaj,
5937,unahuumfz,
5938,ccxxhlpztuxkl,
5941,shzxhdawioo,
5942,xjvtdnprtn,
5943,ydejmspzgogf,
5944,cjirnmuffczrrx,
5945,xiovulbnmgm,
5946,vhdvlnncm,
5947,qsstlfv,
5949,kkzqganezqrufx,
5950,usrqdwxhqshu,
5954,bszmxx,
5956,kzmesyodezucpae,
5957,qqwnnqfpxjjm,
5958,qrwigikkztghn,
5959,ophnfqgcknewm,
5963,tgujjbuoube,
5964,yyewjp,
5965,fthmkrldamjsagu,
5966,ojjltuzfm,
5967,wjyksydl,
5968,wtzfltlppns,
5969,ybplislukkbqobx,
5972,vkoifriq,
5973,ijfwnon,
5976,erdnicndynbgji,
5977,nqtan,
5978,okozkgiag,
5979,jsbiyn,
5981,roccyf,
5982,wirspsjx,
5983,kcvdlvx,
5985,nnaqvrkybqlba,
5986,rapjcehprkxxc,
5987,qespbverfeu,
5988,wqrhzdaoigzdo,
5989,qeqegizdpleaut,
5993,agygbgcdyk,
5994,fljnt,
5997,meoomfm,
5998,hykyww,
5999,qozvg,
6000,lpqwyyixidn,
6001,cleefhbcdcuytxj,
6002,qkutkf,
6003,wbucdnl,
6004,yeiapjkscuac,
6006,ozvxvcjpgex,
6007,dikmpu,
6008,lezvool,
6009,cvpmiivd,
6010,naovmkczbqqp,
6011,bakrjtabfohev,
6014,xbwnnhimq,
6015,novcrzzqdhn,
6017,qdasvgfxeusmx,
6018,rlhrvdokmdd,
6019,vdwhqzexrtj,
6021,vbhkrtkg,
6022,cuolmqsdkurkqh,
6024,ryoye,
6025,kigsckbmxcvgb,
6027,bdivkgkjccj,
6028,ebcjmtzmmckcta,
6029,abkziodue,
6031,fvcjjvhpumdpk,
6032,aewaqxfdwgm,
6033,ftuocilvodxrftp,
6034,neqbhllewwsedxt,
6035,uhxqo,
6036,wjsoqdsicflxxbs,
6038,lvfsmghb,
6039,jdqhah,
6040,urikm,
6041,lgeovkzg,
6042,plmcyw,
6043,fjczkcrsbkzxfsx,
6044,aorqhtptvdtso,
6046,jtvpyacgxml,
6048,pviqzcgapxzxced,
6049,mprdlhbxlxg,
6050,yjgimhr,
6051,lmsxyxfpgytb,
6052,pferoamfifkvosf,
6054,egssseyabfounh,
6058,jciwwbxod,
6059,glsfqfpddnafeq,
6060,bphtlznvhg,
6062,lswhflwtddadwp,
6063,mvwhxnwpjr,
6064,qreejybxiizqms,
6065,iiyqqqauus,
6067,ozchfivzhybyvl,
6071,sdeywslzsl,
6072,agrbnylekt,
6073,lvudgcgvshmlm,
6075,kchyxqdwzrya,
6077,tfhgskysdbamcp,
6078,aulbneddraa,
6082,mvvhmshcidlurj,
6086,pfcuqwsrtlzdqp,
6087,ytlzfegccvdprtl,
6088,fxneskequkdwq,
6093,vaseapxlpiwgr,
6094,gczqxhvpuitpzll,
6099,mhonndbm,
6100,cwngepebutwbfo,
6103,qayzufmg,
6104,qdeaqugmietbh,
6108,uqfux,
6109,omuhujyadmyhjc,
6110,koeopjkssoswhg,
6112,kzgbv,
6113,cwybh,
6114,ojgmpm,
6115,vfaodsit,
6116,chxvxkryt,
6117,pidiog,
6118,mwqeedndhogiya,
6119,shchrsvweuyr,
6120,hzufvhyqwrsd,
6121,sdycc,
6123,vfqekzet,
6124,zbuwqz,
6125,cdnazwuamwih,
6126,jwvtitnu,
6127,jvuudv,
6128,umbqlwfbrictnk,
6130,yrvpjtgqnxla,
6131,tmkqonsmwtyygr,
6132,vfcpjwnunfsjgna,
6133,gepmapnmeiak,
6134,mqarrggfbboapqs,
6135,jxijzdu,
6139,bqfspmelvi,
6140,fbcdzwrvqyoxd,
6142,qzpxjb,
6144,ednzqix,
6145,vhpqcncv,
6146,rlhuuej,
6147,urmshdx,
6148,xkyrlznkhsht,
6149,haohmkiujkw,
6151,ftrcpzimwomg,
6152,pastfnjwby,
6153,eicjyzpyyzsp,
6155,cnywdnxfezo,
6156,gsiwd,
6157,iircwjhmjo,
6161,hxocphnfbsgciv,
6162,rlydmcqnypzzfth,
6163,ctwjkclgt,
6164,wmaskmruxplu,
6165,jvuxxhgmqtgme,
6166,gmwmkmrjq,
6168,cobcqfzoribkdsx,
6170,lrjhjjx,
6171,xebulcbsurspvya,
6173,dasct,
6175,vxswgqgseyeobx,
6176,pbfqh,
6178,tydbcyjvrszefnd,
6179,eilualbh,
6181,sfuakldfvb,
6182,bszobug,
6183,qakup,
6184,aydlcixmjdtt,
6186,xwoajm,
6187,cvkkofmsoxsgoj,
6188,whaion,
6189,wjsemjnpzfaoapd,
6190,haxzcbpq,
6194,zupnvjhnqmqf,
6195,ealshk,
6197,wzjnkfz,
6199,qeppr,
6200,jigliqtwtewbx,
6201,jmabveeohfjjra,
6203,cxhbyfwvimk,
6205,slwjaaziwxxuj,
6206,laexwmw,
6207,fyzbthsy,
6208,oremhuowkdpsty,
6209,wvcwaanlr,
6210,wkzdgirhkt,
6212,hvbjiqsxwfkugk,
6214,cgmeizcmc,
6215,olkzihcq,
6216,ayivcmhznvorf,
6218,chydgentwzgr,
6219,fxnnuhfrqdmtg,
6220,yyxnkrii,
6222,vepfo,
6223,lsadipxdipm,
6224,rvniarba,
6225,burujtlqi,
6226,qrqxxyb,
6227,wgqwowytaobwixb,
6228,cgismkngbuszt,
6230,phodkagujzswqyr,
6231,odwsqzfth,
6233,dmskqdvsxuynjxr,
6234,jvbxvgbilis,
6236,xdsdpxodfnow,
6237,wwvgxp,
6238,kpuizfeejcud,
6239,epepgsnkbnnxtnj,
6240,cgkvkjsqfra,
6241,pbuiueseqsctdrt,
6245,oiiwj,
6247,vrkwe,
6248,rwrpoiruj,
6250,whvmkhvmddnghhv,
6251,vhgwqkauikgkgel,
6252,lscnx,
6254,otiuedxagae,
6257,qhmmcz,
6258,uuuolmubl,
6259,idfxv,
6263,fuply,
6267,igtzxctmwbvuxng,
6268,wvmuelpz,
6269,asqfdfgq,
6270,kyqwxcje,
6271,jacxfizhxwrxe,
6272,nvbrumnfjqy,
6274,xgvxesuytus,
6275,pxgiuxy,
6277,tgbtgeki,
6278,eyqlkbrsojcvn,
6280,tpjbozeg,
6281,aceuyydett,
6282,onvlfvmjg,
6283,mmnntihvkh,
6284,azrrbzabc,
6287,hlzkoepoaq,
6289,ugrrgedmk,
6290,gxjcldczpapnf,
6291,btniekj,
6292,djmtijwki,
6293,dkrbqtjor,
6294,dskxburhsky,
6295,xvhaxlmgflyip,
6296,txamyniaeotmipd,
6300,ltuxgfkoaz,
6301,gjwremownby,
6303,nbcsxxbfbh,
6305,ekuxilglr,
6306,uftjzv,
6307,jnmgedphfbk,
6309,uggnlju,
6310,pfcndpevpibdgxp,
6311,rwkfddtc,
6312,fretcbzjfhfryao,
6314,euggrrwc,
6315,lzbekybyu,
6316,mfzbcqnrzmvg,
6317,nxnwulvbzqeff,
6319,ccpmc,
6320,uvcokelcmikuum,
6321,bnstsogafozrfal,
6323,sgmtnlpu,
6325,bdnsxoqkjwwjrs,
6327,xdymbvkxj,
6328,owlsfpfker,
6330,xdcbqnqpoetivht,
6331,psvbjaudij,
6332,yoimmybkmv,
6333,mnjlr,
6334,umehsmciow,
6335,wconwazpruby,
6336,judcyiuqmskcwq,
6337,sdnxuzpujpn,
6340,xkxwju,
6341,svmzdqhjoc,
6343,pooazq,
6344,hneaakxlydovjwk,
6345,kpmmhkmfedp,
6346,tvqbpyzu,
6347,srpkledsg,
6348,mmqjz,
6351,ixprewnwxcmks,
6352,rxcqtaqrfbeyb,
6353,uxvfmok,
6354,infpcejwe,
6359,bfaqgggpwiag,
6360,tvzbhhlpsoimr,
6361,ibqkdwebam,
6364,aanac,
6365,gqxcd,
6367,yrdpnt,
6368,wpwwilkyeok,
6369,qhzqgxqy,
6370,rdtjmydv,
6372,sbyqly,
6376,inpenmrherwl,
6377,wpyea,
6380,bjresrorgzbxrzf,
6382,bqbsx,
6383,xwkvgnnwcbbb,
6384,dkvcryq,
6385,dplxjkqo,
6386,qkiymcioofgkam,
6387,trsqyjyyybxneon,
6388,uwjnxswtjm,
6390,rsnrc,
6391,dvrnj,
6392,nisofveahyfnf,
6393,izbxxsqvqvsczv,
6395,ssluqucyyucynfm,
6398,wyarqxvdiclalkv,
6399,fncmtoy,
6400,bxzonygtppee,
6401,kkxisipegag,
6404,jfrxltxtasrhw,
6405,vnqyxbcigdf,
6406,xszffchwnmgb,
6407,mmgkj,
6408,wzienpyqbgcwmea,
6409,epdhoommiymun,
6411,awgsjwctc,
6412,knnuua,
6413,idnhindyhxasmc,
6415,btvhhstbkwns,
6416,fepvqpebavne,
6417,peplrqmqyusafh,
6418,swydo,
6419,auxdyc,
6420,eyawxsjkukfrim,
6422,plubkfq,
6423,utkawgumzhl,
6424,embubzvnmvcmq,
6425,exqncjjhp,
6426,qrzjnnbjkeq,
6427,bcidmbjcqebzul,
6428,pxcvjs,
6429,ofeluxtwugzqugm,
6430,aispop,
6431,njjuwzgmqsglh,
6432,yfzpnjoxi,
6433,yngmqbfn,
6434,bjnskseudz,
6439,nhsjmktcxx,
6441,hyyacxjs,
6442,hzwqmyibj,
6444,gicqmhabqkjohfd,
6446,mbsgotlmxxuktx,
6447,httwapnjssd,
6448,cvkslccnrza,
6449,ngttwyiskp,
6450,kdhscthzk,
6452,dsbyjmsoatakh,
6453,nrtrvconsdifk,
6454,kjiganpilzk,
6455,tvgitdo,
6456,mbsrxr,
6457,lucfcupli,
6461,klbgogcw,
6462,ljkeeeq,
6463,ojrrlbqlk,
6464,gnrgwiznvyoqap,
6465,zvbrcahpsjit,
6467,tghzw,
6469,ztonnllvi,
6470,xdtcyk,
6471,upgwvlniuxtjbxx,
6472,bshhwfl,
6474,hcrdlgsaqkbg,
6481,gqipmrlmhqjz,
6482,zxdhm,
6484,lihtineoqxzvjq,
6485,jjdutvpgwll,
6486,cmkjn,
6487,jdnajasdjppy,
6488,wcshuvjqcy,
6489,xytgye,
6490,ibxagyiyz,
6491,bctpuy,
6492,hxnuzzjolobx,
6493,brhzquwezcalp,
6494,vcjiiwrxsqw,
6495,yfjawvkbi,
6496,gbqdvutdowz,
6497,ayonfozdgurv,
6498,szzkk,
6499,ykxyoolrt,
6500,crfycb,
6501,tsbuiguivtwyjz,
6503,zdntrqkdpblnfe,
6504,toutnbpapp,
6505,txpjuonxomrpp,
6507,pqppmsjlsthfbx,
6508,bxzickazddv,
6509,vzishf,
6512,bzzgd,
6513,eznoytcl,
6514,yujdlskvjqfl,
6515,cwgzlvujcalbj,
6516,uoufrehpy,
6517,uogzzjd,
6518,jyqbqdiaokju,
6519,ewsxznfyaqw,
6520,uaodwhvdsj,
6522,ooxawmqvmz,
6523,lyhfajga,
6525,plldyjguzfceltm,
6526,havmpepkard,
6527,jjqfaskrcfmmqfb,
6528,uzvrcjlaguq,
6529,syqzjsvllfsvgvw,
6530,uvxfzdpd,
6531,zbteawcf,
6532,ffkoulh,
6534,earennblrsmglyz,
6535,lcngedfzi,
6536,exsrogyxozfk,
6537,dowojsslejwiz,
6538,xfwmgn,
6539,kmslkzqitph,
6540,dldwtvwsyvm,
6542,ptdlj,
6543,krbihknrbwcbyh,
6544,pwsugdoh,
6545,yhpehwcd,
6546,ecogapjxzyds,
6547,oardsxdevzjmms,
6548,ddzuyaoexuarunr,
6550,vczniztpgymqcdq,
6551,apnqxnmkybrp,
6553,jirpgfuqiavqnst,
6554,pmtjtfgatkgez,
6555,qoebhe,
6557,emklyapnmdfps,
6558,htvwvoyaswspyhi,
6560,exxlylfwkyhpv,
6561,sgmnizluw,
6562,dxludaglwx,
6564,mwtci,
6565,viaaeidkgzv,
6566,ddltmypbg,
6567,cywzi,
6568,nbvpbrv,
6569,lzbatooohgpjpqv,
6571,uarrldhltr,
6572,aokkwnh,
6573,cvpuncr,
6575,zkjkucq,
6577,llhvkg,
6579,zemmvejksp,
6582,fkrgrlnlaze,
6583,ttgpspcrxc,
6584,wavxuedpjecaclp,
6587,jlrcloy,
6589,lxziw,
6591,ogkhipawukvbuav,
6592,yranpzvadpnym,
6593,sdupcf,
6595,epzcmky,
6597,ugxbhnfxxzquvzp,
6598,vaxodk,
6599,zmxfrjgesatg,
6600,xiagqj,
6601,pfzltfnftejas,
6602,mnrbocdpdihcouh,
6603,vjhqfdvzvy,
6604,ipwmcclrjr,
6605,jrunacfj,
6606,szhsw,
6608,vhggfmqezuvbtc,
6613,mofipbcmjqqyzw,
6614,jlwxxcv,
6615,bgchhkqv,
6616,cwxlduealufwfju,
6617,jcvtemspneok,
6618,wrpstu,
6619,aibsbxmudmevuqm,
6620,jxinakrmt,
6621,abbtymbjgdecjer,
6622,eywwdjqtfwwsd,
6623,xtffrbssgldlkjo,
6624,ujiqeyzhmueprk,
6626,ctycodtgikls,
6628,rgmrtvdy,
6629,yrgcnrut,
6631,fwnptxleoperffy,
6632,ezbqxyrenpz,
6633,ygdbowxcmcgodn,
6634,ssdfdqdkeppgss,
6635,iucfbekfl,
6636,lximoioorwqk,
6638,aaiurbxg,
6639,xnfaygotyo,
6640,qlitgwwhntyuk,
6641,irnbtrlumg,
6642,bdgan,
6645,yxbcnvkqmjktlzj,
6646,xyganjuwsupz,
6647,ideyyxpvcghsupo,
6648,mcipqnpvwl,
6650,rjiazwoyisusixl,
6651,moexoi,
6653,hhlnhohqnghdu,
6654,tbjdxjow,
6655,fxhnoei,
6656,ajfxkqrgdutp,
6657,xokooqqeini,
6658,yrrxyyvkkagd,
6659,wlgjfue,
6660,spqinvb,
6661,oszwjmjiu,
6663,hpbgnnv,
6664,dvmbncmcop,
6666,ywucdxxmuc,
6714,wrjqjcd,
6715,rmmcnnbbfzbrnr,
6738,avzhomfv,
6745,kkjsrndqw,
6748,vsnigwizututl,
6754,olegxwiesq,
6759,gitaqoeylmmclk,
6769,ovionamqnqqjrd,
6782,cxzxvjh,
6785,xumffdmqtkcsjpc,
6794,zkqljlyahvc,
6809,ibhllszsajox,
6835,oqmyqkxofqenjol,
6849,qwdsnrleywk,
6856,bmxxa,
6868,fjbkyfevcit,
6878,dkfhsjolzjo,
6885,bjmgax,
6886,fmnvhgxrlbwkprj,
6887,gbzamepepzyweo,
6927,dzrxlawelfetu,
6930,hebnlizhtzxkrtx,
6931,ghwavzmkam,
6936,eryqsigr,
6949,vhbircgo,
6992,mflbaqypqbh,
6998,lnpmmceccwy,
7013,wymgxvczukdrqi,
7028,vjwosefichmjk,
7049,vllvrmch,
7051,oywwpas,
7091,alivfu,
7099,muphbwqotevqrf,
7101,evtrhekk,
7112,stuvjsptvr,
7116,jgjfstb,
7143,xswzzv,
7151,mdyrwxjtungacuj,
7158,cgiotyktbnye,
7174,kbupy,
7179,eyoygtrh,
7186,miimswydmipkwr,
7225,wsdim,
7232,uembgyuxuec,
7237,encodreyfh,
7246,grqdllylfoiwry,
7273,fuwnltzvyddlye,
7279,rtuprmzrx,
7288,ukzduysmozl,
7309,pomkdjjwntybrch,
7317,ktfsjvvboiapd,
7332,vamfcqf,
7360,zgjwmdxtgk,
7381,wtapokwgvn,
7382,hfxpsvsiiza,
7393,phshixrqxdquv,
7395,nicfhbtwwtpzal,
7473,yfqsbsyv,
7488,gadpfdsxrw,
7512,qonopj,
7535,jcvalkgeujr,
7582,ymgapifmfv,
7591,vrcapj,
7606,jnjltl,
7614,gdrwylellbbhrh,
7633,rpeozdctp,
7648,hcsadlswub,
7656,ghdflpszvhrge,
7667,bjpchccxgsmyy,
7668,ezcnmwajez,
7683,cthgyvzr,
7689,balrecltd,
7692,cyzeecqgyhbxwf,
7724,lahragxmnc,
7728,dytvhwxtfgwgoj,
7738,ngtxxaag,
7740,ycaertolln,
7765,fafyavwwofbr,
7781,wxfagbtxav,
7782,fkehyjafbpbac,
7785,ijkqggfbe,
7787,ufmtflgkg,
7789,draou,
7797,mnmxsfwixqtmdcc,
7798,iulseqtpgqhs,
7799,wuugbcedwelacv,
7800,vwuxzphfnxxpurc,
7802,ybckaqakfa,
7806,jmhixcjzkfz,
7808,zbrkogehzdjz,
7811,jvegzbiasyntvxq,
7812,ldcyzybjcz,
7815,fjauayyytsff,
7816,orolfngmwmrxow,
7817,bbjarauz,
7825,lezpqnxc,
7831,ydrvqlmsod,
7834,fhfge,
7836,hqscgqxdqg,
7841,xtjichxg,
7844,gwjvcidcgmlhw,
7845,ttwjsq,
7846,jjithnurfwgxsro,
7850,notfksfptbgozq,
7851,kdxhbmal,
7858,eleihdqbjdr,
7859,viqiadwwdeejxcv,
7860,kdsdjyxpdvh,
7869,mqqqonjiqhnlib,
7870,fndmthrau,
7876,uneedkkrvyuaag,
7877,ofubvmntalrtay,
7879,znqhrugba,
7881,bysdngihvleki,
7882,rkgunten,
7883,cwowtch,
7884,cvwfghx,
7886,fkexgqd,
7889,uimuqtov,
7890,qzgojihykqsb,
7895,lvsffpiz,
7901,wiesoyqzjkq,
7903,wrrpb,
7914,cvpqbveygtox,
7915,uomyazqhpqqhpuz,
7916,mmtyqfhye,
7918,bnnuokdraqotd,
7925,xwiciubgm,
7926,sikxbo,
7935,syrodzduncpvpm,
7936,xwcgnjqgnq,
7938,xffak,
7941,cypufr,
7946,bvzdwzwnjokp,
7947,uznmlj,
7948,cmmleufxc,
7950,uftvqmluldeamhd,
7951,ytrblepxe,
7956,qprsjlbpjo,
7957,uuemzlxjbpfyho,
7959,npapxb,
7963,lwqbupxggd,
7967,abkvl,
7968,jrfodnsippkvhj,
7969,qglepwfdbadw,
7971,ugfyhj,
7973,vqcjikchgw,
7975,inonlobkdime,
7988,yyule,
7989,giizgl,
7990,cwjebvqnkcna,
7994,hbmpqgml,
7997,mvkptzosgmx,
7998,xeiyoilhp,
7999,nsoebdhd,
8002,acnvrddofezlvqz,
8003,ecphrjys,
8004,kvtkhedxp,
8005,ctfelixnk,
8006,jgxdkztnd,
8008,szddjwtshtdrssh,
8012,dysetpz,
8015,fgmjxi,
8016,ujdvyukcvasz,
8018,jprieaamx,
8020,ovqgtkuspdsasng,
8022,rffwhnhok,
8024,xjfuuymukhfapcz,
8025,jfsfxlvzqgd,
8028,oedvh,
8030,eohueiojntawlhv,
8033,nxhjbirjnq,
8034,eofqsb,
8035,rzjaygmpqrtcvv,
8036,kodcxwq,
8040,xiasnvbnjbgkq,
8044,gbhmtixppkzr,
8050,dlvaggy,
8051,cnejchdhgfzjchi,
8056,mtzljcjgedj,
8057,bjgdlzefjlim,
8058,orgvuxbznauu,
8062,qsashfrwcxzy,
8068,jsyqigydil,
8069,gndeeacn,
8070,zymleyxdyabhxt,
8073,xeqtlpszoksw,
8078,osfybbbvynpyhv,
8079,nocnaartcalyy,
8081,yiylyvhavdctod,
8082,luutfaztjsd,
8083,cgylebwazy,
8085,tajvtapdlxeaayp,
8089,lulxgaco,
8091,vxmsftvkrhgle,
8098,tonfustdfmz,
8102,ebklpusnzcyxix,
8103,aykfadqwf,
8106,hjcrrkpjoppcym,
8110,tqolms,
8121,mnhelkxcg,
8127,oukloqlkdoax,
8128,igfanqptfzwjory,
8133,cdumxfalonefi,
8137,nrzeqqggcza,
8143,sbfdk,
8156,tighoqad,
8157,bjdslqvxonc,
8158,btkvrxwdchbq,
8159,nvlpbicxnpnfkq,
8161,waahcajoi,
8165,ervqprpb,
8169,tqwcahbdtnyhwvt,
8171,bsvxcdcw,
8173,hlkkjzj,
8175,vzothq,
8176,gnifopkwxmqngfc,
8178,dkvcejw,
8184,tzjuptd,
8186,lfnzhsdpmumzgp,
8192,jbmskhrummktcb,
8195,fulmthubjtrcncv,
8196,zxnfrfhe,
8200,uznzuv,
8203,shosdtszsn,
8205,ypulvomkle,
8214,varhikxkuqmym,
8215,xbnmsxeaviv,
8216,qgfuk,
8221,ziiyftcsrusymec,
8224,vpxlkyxkhcapwx,
8225,epdbp,
8226,fvvkirlyyp,
8232,uwefn,
8233,bosqgwbwguf,
8234,onfudkalkrqyky,
8236,wlqdbewl,
8239,umfhwwkkisq,
8242,aqhyuogsbplwlo,
8244,ctxcqvumjvsxuz,
8246,jnwdpeeav,
8247,nksdcchtox,
8251,csxhdkuf,
8253,cpbqaaenm,
8255,laxkdxerwbh,
8257,gpptltcec,
8258,qgvby,
8261,nexzflubxhusp,
8262,bjlbotmtwmwwhhw,
8263,zskvsidmhl,
8264,kqdddmypr,
8269,jdrjzobf,
8277,fpysafzqge,
8279,nimuopr,
8280,wmlarawcoezvd,
8282,ruymnqvulg,
8283,bsatwtdy,
8284,hecjegq,
8285,nlnyl,
8287,eqpcmwzcjgmhuj,
8291,lgjsykjxu,
8292,nrsitgnoved,
8293,cpuhrjg,
8295,wsitltgu,
8297,lpxdmlawidlqv,
8298,luzjndgkpebwirh,
8303,anzrbezxlu,
8309,wwnsvpdfujdao,
8310,yareymrhomxtxb,
8314,tkywtqgfvgjgam,
8315,rjqorsnkcv,
8317,vvkmafggqcwmcxt,
8321,ggxlia,
8324,ygfpedosflkqn,
8332,gwrqhzctf,
8334,myivohmjcgxwt,
8338,yoighwengqp,
8340,wozfgoqibyfht,
8342,fbpxvzlolow,
8344,fnxdcnscdnova,
8348,vicltn,
8350,peubcanhafdpr,
8352,bacwv,
8357,hpwvqbyjyxqbdg,
8362,euoujbnjbzthhyc,
8364,ukabhufvybkrcuz,
8366,wmxgpepv,
8374,gzcquzpho,
8376,dlevbakewojscou,
8377,wakeuaapgcvvhfl,
8378,gdigqheumyo,
8380,qxkcljcspi,
8381,svocunqq,
8383,btwbltf,
8386,ovodbis,
8390,gryew,
8391,ysehepkgt,
8393,mzkvlbhnlxxcthi,
8396,bbdgcbblbfkznq,
8398,ouhnmnhpobzt,
8399,pajgowwzfflfln,
8401,zxdunfrmgobto,
8402,qiqultcb,
8405,lyrqhn,
8407,waxqlbyww,
8408,wqyaxbv,
8414,ndxwfps,
8416,jyqxawffnpqa,
8417,obmvxxpngdaisu,
8421,iiumm,
8422,xgchdiuocor,
8425,gxigr,
8435,zmjxfrlt,
8438,kmkgthz,
8441,djlohxsvqse,
8444,vdbxvvdm,
8450,lforzxranj,
8451,wgtcuqnj,
8452,sssitj,
8453,ihycawizntb,
8454,fxhrrtisnqj,
8456,gyhtqnrpwdd,
8457,pjjjeztxgexlycd,
8458,etnohegyuupgea,
8461,gmrshjwljfuuys,
8475,jvkazbqylaeod,
8478,wdflxwuctzdar,
8479,wqrgwr,
8480,zsvbfgdapwezfuq,
8484,kltuzoepjjexl,
8487,vhyzsrw,
8488,zdnvdacvv,
8489,jweph,
8490,kvyabjrehcjfj,
8491,tjvhhxfy,
8494,hzjcg,
8495,blgqtojd,
8501,etapkg,
8505,yeqyactfysg,
8509,gutbzgscqugl,
8512,kmnzvhxpafg,
8515,tbxltygsqjtwyp,
8516,htirshiqrsq,
8517,zvhbrtc,
8520,eqpsskglw,
8521,cusjabbzeb,
8523,sfomdjnmgsqwb,
8524,goizwrt,
8529,jafzvrklqyz,
8533,jlkzwokpmdff,
8534,cahzgzlor,
8540,yeqpm,
8541,vyqxjkgtlcapj,
8542,hcsbrrlic,
8550,pblxmq,
8552,bklooftasg,
8555,oodqcbcspyu,
8559,bfqpmvgmdoovvv,
8562,iccsfaxs,
8563,izscqyozql,
8564,yczzkehg,
8566,tvnutocjjopitv,
8572,nnzzlydcdzcpvbz,
8575,nhecdxevuyhonyi,
8580,flkwqacyu,
8582,jtmlaq,
8588,cdafkbisrvxevu,
8589,rinnlvnphpr,
8590,bumxtcbzx,
8593,qhmsdc,
8595,rxvphmsjxki,
8600,zjxouclzdxjoe,
8602,yewunh,
8607,fknufcdohm,
8614,mpoozytunxxbnhd,
8615,cpdmctqdhi,
8616,pyifbhwljb,
8618,ybkgqsdiqihuk,
8621,zspxvpfe,
8622,akdnfqcmgpj,
8624,plvlanhgrawh,
8625,pgiivcnbxvh,
8629,nwclwnoaqqfhfs,
8632,lgpzgj,
8634,xelzdnfwqzyiexa,
8636,icarbcybwsnfof,
8638,wqyhk,
8639,qbrtykqcvtdzcb,
8640,cervu,
8644,rgmhaqludq,
8645,laoptoqdgdstgji,
8656,mkyjhzrsfpcaiew,
8659,hyfcuzvocvii,
8660,mxjmjycktxeeyxc,
8664,wivdegyvduh,
8667,vhhvrz,
8669,weezknewqg,
8672,qyjdzvniletv,
8674,zlvddzdjy,
8675,vhubjxrpthqkbud,
8677,xiafztoyovbtq,
8679,yqxoxzzmkwqi,
8681,ozdrmkyulyefm,
8685,rytwuqcmdmn,
8696,ubesyjwpkecsh,
8698,ypduc,
8699,cbofedzozhix,
8702,alzgpgmjxdsnao,
8713,picxyjmdstjfe,
8716,yrsealahnqupdf,
8718,lmrwwms,
8722,krwwb,
8726,menovjqnpudqnbp,
8728,cateffhgeyeodgy,
8731,qmnmfgwvwo,
8733,zsliqfaskfzjma,
8737,jafqeaazglm,
8739,hiyhzr,
8744,suyelbpsgtozdd,
8747,kbqivb,
8749,xrnwdhd,
8750,ctapennlkhqrf,
8751,vgeojaot,
8754,qgzdriudzgf,
8755,nkwduktdnqlrbw,
8758,swjmn,
8761,lygnsabklwpgrcg,
8764,gijcx,
8767,bdtojga,
8768,esdasyiwm,
8769,kurgufozoojxza,
8773,oqooyqtvemfiqhi,
8774,aypqpq,
8775,eveff,
8776,pjbzdobqlk,
8777,tkuqwpxoxkhkcl,
8778,mtltoynrjb,
8780,eybkqwbokoloi,
8781,dkqheyleip,
8782,larjjmtmhmvvpa,
8785,qfabaqyzv,
8787,wrpqkmv,
8788,wzkuvuxlb,
8793,atukjrojlaexa,
8801,rexcwfoyhiptmb,
8805,muzazdkogs,
8808,asehcdlk,
8810,agfwtzgncisf,
8811,nsbenjwu,
8812,kfymdmiitjmjq,
8815,xeagkigrpyr,
8816,xgqohrtvhyjhq,
8820,mmjfgqgnilew,
8821,ndurckkna,
8826,isukhyxcimz,
8827,gwudnru,
8828,xwvdesobjdihxe,
8831,aqcpvjsw,
8832,cmatlcjrnzqaxm,
8836,yuenhxkjf,
8839,ysvrfjvbhmofj,
8840,zsmse,
8844,anhgpbhgcixhrn,
8846,hgbuedu,
8850,cvbrbawhrz,
8852,ntymqktxar,
8853,xdndcuv,
8855,nqonaaaf,
8858,zsxfqkjw,
8860,zamuzpzjuuyuqt,
8865,tiimhbqvtqeo,
8870,fhlfvztavdgg,
8871,lulajkfnruvau,
8872,ogpaprrfhbrb,
8873,rpeoozbqnwfwnt,
8875,vxxmxtwea,
8876,hwqzrxvjzvkvzri,
8880,hojsrstyswxizxh,
8882,xafubwmprvdwsmv,
8884,fiuwnio,
8885,engvfrhzgnlslz,
8890,ipxbnsxfixr,
8891,utppx,
8892,hkjtijelkmwh,
8894,aphokl,
8896,zdsnyxqe,
8898,dkqaexqly,
8901,cpbhvxya,
8903,xmtusmjpcmilht,
8904,edfmhedeefywfb,
8905,nvnafckvqdfack,
8907,lisbprounwadsh,
8908,ybzgkkc,
8910,ugpyxgygzvtakt,
8911,lxsspdltjphmt,
8912,qctqwd,
8913,kkubv,
8914,xcsrbfjyhvghsyz,
8917,jikdqmibth,
8918,katvgtmpqwoxl,
8920,bvvrnkht,
8921,wzcwdszlkx,
8927,naghgxpvfyihsyx,
8928,ploceqdaflo,
8929,yyudhvme,
8930,drnccarv,
8931,vtjlahpxjswt,
8932,ahvilugkmr,
8934,olrfriecugx,
8935,xwhebybaxu,
8936,jfvwrvhzraov,
8938,zwglwxsollcxjhw,
8939,shqjkjkcfzcg,
8940,zivzyzxzsfdve,
8941,irijdajv,
8942,efymaf,
8943,zfkarpsdvagmxq,
8944,ngpkmnbnjcg,
8945,hpehwzzuhdjz,
8947,kjhyxfloeaxroxw,
8948,xjthgiqffv,
8949,mglfpxmpsmmto,
8951,xwreobqlmpepo,
8953,oqessrirbz,
8954,fvjiplmc,
8955,jyqmbdikhgsrycv,
8956,jnizjkwziopjter,
8958,pgpvewt,
8962,zuwocxvplgjxffh,
8963,hntxxiyfbznsj,
8964,zasfvbtuhnwxfjv,
8966,hamwyekgcofflf,
8967,oqbufyw,
8968,gpseelkxrbcchz,
8969,sfixwkefji,
8970,gdjmb,
8971,mydnmtdisw,
8973,vckojzzruynvrgj,
8975,cfueq,
8976,voawczr,
8977,esrwybujtrpcpxr,
8978,glkdyranwogzhm,
8979,xypbnacxc,
8980,lcfssvlihmaa,
8981,ynhsgbu,
8982,jyevhpkfisaxi,
8983,klirvfmnxempwwg,
8986,wtdddqlxtdxnycn,
8987,ehnaqxl,
8991,prncnvzyiog,
8993,fuglqgtxvib,
8994,rfmtufvtlrpxxku,
8995,opyjwxmjubkltrs,
8998,wyaefizxxnyvn,
8999,ldixxxeee,
9000,hhlphzb,
9002,igbgahssiqkl,
9003,wprnsxjexboh,
9005,vbirxuh,
9006,uvjvhbhjfsta,
9007,habszg,
9008,wlhkkbyrch,
9009,ixbflbnazfkjp,
9010,zinjqveqzf,
9011,tcbbebuxxdtgrus,
9012,korzipxo,
9013,zmlocqfnbpb,
9014,vudweezpdw,
9015,canltgfvcsii,
9016,nphllvjywrydji,
9017,fztoimzuv,
9018,jgpxgcoroptm,
9019,zbqvwgfwwzofjf,
9022,gkwza,
9023,xmzrcaticks,
9024,udojyulncimtz,
9026,qfivtjqawrdozr,
9027,thitikccbtn,
9028,meoiodbpptgsbxr,
9029,flpusiyqsumkds,
9030,yjohrrubtpcota,
9032,efjakacbrunfvz,
9035,qbpseryeldds,
9039,dszserjkez,
9040,ielxyncnqarpi,
9041,aliiued,
9046,njanvrhwxvqi,
9047,qpprbltu,
9049,wsbhceczpmsbggi,
9050,nbgwbqdmgdfoqf,
9053,ynpuqnintgvil,
9057,bxfcosmqptybshy,
9058,pantnrrevnmjrdf,
9059,maqlghuuvhdaync,
9061,oinufwaahawrjxj,
9062,plpprhujmxxsozy,
9063,sphyjvxuaqp,
9065,aerutd,
9066,zokmntiyyevqjv,
9069,fecupvywmqwjt,
9070,liddwnnmaf,
9071,rvqrwdbjjrikkcx,
9072,cbmudhoxtkz,
9073,ycnddqwx,
9074,dmcvyl,
9075,twgwnouwq,
9077,llhhzitb,
9078,bmkozy,
9080,vfvrrmlittfyu,
9082,asrca,
9084,xtpgctmm,
9085,lgazrkdmjorjj,
9086,frnzwem,
9088,aagekrgfcrqwz,
9089,lulgy,
9091,vncqwaq,
9096,xnlpanzuhr,
9097,rrnlz,
9099,fqnpqj,
9100,ghwptbrwhiyf,
9104,stwulhsfavlnm,
9107,yzvtnriojnch,
9110,nwxhuodrdtiegyl,
9112,wlljoqa,
9117,hygrqqycwottvce,
9118,kvbzw,
9119,lhnqqamziq,
9120,irgbr,
9121,ugvgdkwospqq,
9122,ywxlwimqoyqrvbz,
9123,mdekqtc,
9125,ojuobalme,
9126,nbfkyfdw,
9127,wfjijfiz,
9129,mwnzhfwonbt,
9130,dqvlnfxkbakgotu,
9133,sledzratcymzaji,
9134,trikfirac,
9136,oohdqfwxyryox,
9137,xxnhdtoxrtquns,
9138,bgmwvabhqplquh,
9139,gsesamnkhuiixlj,
9140,qosngbordlkzhl,
9141,vrlaixdpoww,
9143,jzeezhuuc,
9148,wtuvbbwvlg,
9149,tgykxrqdrfqoyi,
9151,oxatqvpwnkcmhu,
9152,ptgsurj,
9153,lehlrl,
9159,cyfqvxffbqoophb,
9163,einthhyxcn,
9165,bcocs,
9167,jltfucfosoos,
9169,lvfzayibmnhdjhx,
9170,vuqukkeuxlh,
9171,rcqwejkehxruks,
9172,pbmvmte,
9173,ykavbpkre,
9174,xmquuaydigqj,
9177,chtdokgwojpt,
9178,suikpzmpqvxvm,
9181,uvkdedaxtrn,
9182,dqnxvbjgujy,
9185,sumjasutixbgx,
9186,qkviixpgn,
9191,acbsndbe,
9193,whwjyipkkjkzsl,
9194,owspkxmcjnxbzxs,
9195,bhonyvasndv,
9196,vedsvizzy,
9197,wksuejnafzddd,
9199,sotyzf,
9200,elzshbenlzsnpze,
9202,mrtgabmkolhus,
9203,suggll,
9205,kiycwko,
9206,gcqyhqidind,
9207,ijzgtuwdlvzevmn,
9208,qtufgxjdoimeop,
9210,nrnadntienfgbdu,
9212,rqajrlidygj,
9216,kihqdivtr,
9217,dbfhwnbibdycij,
9218,vnbunh,
9221,xaagrulp,
9222,rcyfxnkiwemn,
9223,tyhiyab,
9229,csmsmjuwwl,
9230,kknnlnaifbuebxc,
9231,yjdjzhfv,
9232,fmcjbbip,
9234,nlpoxpeajx,
9235,vpdtsgasmbyf,
9236,odofzgmawhibvrz,
9237,kjbesazgzkvywr,
9238,iglnznys,
9239,oduskkgms,
9241,nhvluqnzlolqeg,
9242,htict,
9244,ffbwpcf,
9245,chcleicafzlds,
9246,ovuaauqkvvsq,
9247,fzjnxctszrmsb,
9249,xfyihey,
9252,xnsbedobfzcqpy,
9253,ifquiakfqqlbuua,
9255,fwqrylhnukc,
9258,suiwcj,
9259,crrgtgnfsnxyu,
9260,gucfgiya,
9262,dmxnwrbsrvzbshs,
9263,ussxvncpnr,
9265,gjiecckrwrt,
9268,usouwor,
9269,acbcrdrtmg,
9270,dsbzav,
9271,krqvsnrzkliyezr,
9277,bauta,
9278,kxbupsyscmhsqn,
9280,tffqjotr,
9282,kxngz,
9284,tgokekhymyl,
9287,abrxcleyowht,
9291,uhzjdobqcyxui,
9292,gobjgyudtkpab,
9293,gnhbuufyn,
9294,yutmt,
9296,nzzfzqddmx,
9297,dyvzykqsfdt,
9298,ikoylu,
9299,fgzgzgel,
9301,digvbzqcxm,
9305,lkxuhmgx,
9306,olnnrdtpocbxrva,
9309,migzvuiboubbw,
9311,lcmydiwmbmh,
9312,idaefiajhunbyy,
9313,jsfwxr,
9315,ucsjrdp,
9316,qrjoumsdrnlkf,
9318,csvckum,
9319,iqmxrydnoa,
9320,acgntfztjnnv,
9321,rwbxhytavnlb,
9323,klskntl,
9324,lbjklxmvbtrtnl,
9326,kabmzdjsebwebg,
9331,amtffarbmu,
9332,gowkbsfxsc,
9333,uvqfwscnflu,
9334,dfiagup,
9336,ydwhnyvjdfkwhr,
9337,fusejaqyby,
9340,kuefzzhgvdummbs,
9344,caolxbgihkijtw,
9346,hurhqqgkfqvmgdu,
9347,imordzfpkoj,
9349,waadeqsp,
9350,mquelmlnjuy,
9352,ujbwapluwidk,
9354,dufysa,
9356,sdjdfhmlc,
9357,pkefdpm,
9358,hqrmbaxxkxehnu,
9359,bcgqexqkjgifovb,
9360,hptpwlupu,
9362,vanuxwatfwyik,
9363,svwyuu,
9365,wtdisig,
9368,lrkcwuft,
9369,rupztkyzqqtrhv,
9370,eyusxq,
9371,gosbf,
9372,xyoiipitx,
9373,lcyhlgzbnuqdxp,
9378,adcgtqej,
9379,mquohhejbjffm,
9380,hfgtonmiqusn,
9381,ftsjagttmwxkato,
9382,dhwgpsokojarxg,
9383,iqxvzlhc,
9384,esjpblkyostn,
9385,wrgucf,
9386,xxqkxn,
9388,srolmkjiflhdna,
9390,znfphbzpgkxmt,
9391,tovcckyokbyaqsh,
9393,qppnostkbdt,
9396,gwpwimxxwchhqrn,
9397,rygqmf,
9398,osbzyfncvucvfis,
9399,fgeuy,
9403,syadzzhshizcj,
9405,yiduqubrpb,
9409,yzameongoxa,
9410,ezjcht,
9411,ryedmawmjkyqep,
9414,fdtmtkwjllcuboe,
9415,dkbfyhduiwksjxg,
9416,sjxhvzbgn,
9419,saowgmyndg,
9420,wmcfvycmmkhze,
9423,yqkygyvwcx,
9426,rmxjlwleis,
9427,fertabwuv,
9428,lrjpbt,
9431,qjqjadsbh,
9433,npcrnpajlajnl,
9435,qfegpo,
9436,cttzpcttqrmwhal,
9439,sigpxdjdxm,
9440,myyroojiduds,
9441,rfvcbtorrwtv,
9442,ypbosfhdqextjv,
9444,wehzlzdlmxjex,
9445,tlsslspkfbhm,
9446,slqmoqiabmlx,
9447,zatbxzct,
9450,qgfofvhjdcw,
9453,ixpqmcrmwgusg,
9454,wboprum,
9455,qyuldtmxstpml,
9456,pptmhdzeevlhc,
9457,dgxcppdmgrsb,
9460,aqkwrdhorlkqf,
9463,fehzflzjnngwp,
9466,xzbze,
9467,vezhtlocydsuw,
9468,ysufmssegfee,
9471,pdmmoqiegeay,
9474,yerfkljoxmhv,
9476,firmmqagqhd,
9477,jatbmizyp,
9478,wustjnjs,
9479,zjczbd,
9480,nunsnbhztwgt,
9481,ujuxczicpdi,
9483,qemzsgxdqc,
9485,osrxtxyqhei,
9486,hqkfsldif,
9487,zxxkhwvpvnks,
9488,eotkku,
9489,qhtpytrtasutv,
9490,ffrlh,
9491,sqycavxqrfovi,
9492,ximqwsxu,
9493,mzqxlbpwmj,
9495,pytziljibce,
9497,zrvqwig,
9498,ezvzj,
9500,rmbphrvn,
9501,hzncatmbnko,
9502,huozyjkd,
9503,sirrbsgyxucvh,
9504,ebijuthizj,
9505,owggdealylb,
9506,wfgeglnvwyyz,
9510,chljozbreq,
9511,uucqtsijokttst,
9514,arkuzfaatjr,
9515,yyqitsfnnvbdh,
9517,vinubiopaay,
9518,gfgeugl,
9520,zrwfzlfzgn,
9521,jjiqpro,
9523,ucxofxovyk,
9525,ztzzovinielawb,
9526,spiumekbwuuy,
9528,cneoitvknniwawt,
9533,wayewrr,
9534,jxhzldcj,
9535,hkxcywhzra,
9537,tvyvdcfnjgu,
9538,fiioohivzutkab,
9541,ijgjehqwec,
9544,ipjahazod,
9545,mqwzpqswhaxqzw,
9550,drqnlwlt,
9551,zjsvaprjm,
9552,ynymcqhlr,
9553,kuuicjtvcv,
9554,dwrgfmrape,
9556,fmrry,
9559,hqvqaedvamqtv,
9560,arhbngeqlydkge,
9561,gpdrgeqdrhs,
9562,wowdcpix,
9563,gcqkftn,
9564,scyfecsrivnuxo,
9565,fgldilja,
9566,xkxzztminyf,
9568,lmlstfdcmf,
9570,jtoheuogkiyw,
9571,hiiuoahbxmdr,
9573,suopnqzgchbt,
9575,iacbkgejbpcskdu,
9576,njhignyhha,
9578,qsmbav,
9579,zsdkrvomq,
9581,vhrzresqxqwlw,
9584,qzfarabysd,
9586,inuoxmtzirtwi,
9588,oomsotprf,
9589,moznvjeyskqla,
9590,ldzcuhldkcnbmgo,
9594,depizizirr,
9595,iesepxurdkn,
9596,ivpynrcwttfewls,
9598,qyjwnklorfvuov,
9600,mydcmd,
9601,gsgfravfmmqr,
9602,oxxgzrqpsuxywgb,
9605,vfycndrheayzkee,
9607,jwhtnzbjmj,
9608,gvndsadaxzuxdql,
9611,oxktigcxoe,
9613,zitoxgfycbw,
9615,hcebbysbjsuj,
9616,essfzpowcpqch,
9617,zzqhmctxuhxzhdz,
9619,yxmvquitz,
9620,rzxxueeuaxclpm,
9622,ivjhkkgxxuipjk,
9623,twblhssmauoh,
9624,mmngdqo,
9625,jfmksieiru,
9630,llgoxvdsl,
9632,gswvwv,
9633,hwjkvzyvhl,
9634,dhjwiwbvgixheg,
9635,xpxpjjg,
9636,hqqtvjdciyvathk,
9639,xzprutexiramvvk,
9640,ngapobjcndt,
9641,ucxirchjmcreegu,
9643,opbwt,
9644,kkepo,
9645,mmreqbisxztalbg,
9646,blotrkmwq,
9647,bprfqieelw,
9648,tmcxgtuyfpysmzm,
9649,mzhjsufnstftvz,
9651,mkzcuedkhnboo,
9653,jcrftyadvofyow,
9655,vmzctfbunrlqa,
9656,kikclhcuhfxdau,
9657,ighbz,
9658,gpkjcbgmwga,
9659,uhlrvybxb,
9663,cboso,
9667,wkbtupnylu,
9669,ssbttwsipn,
9670,bbdtuzhtum,
9671,aaaucjgpljowfj,
9672,fwhgtforuluct,
9675,saevnvppmrcjymr,
9676,cvyryoqsfrgw,
9677,usntbdtt,
9680,xvrvajhgcxbj,
9681,cwsljokfuiaghye,
9685,clylz,
9686,mpzzplyykglfn,
9687,dwitqwhy,
9688,omvaauquobhva,
9690,xgnrsywjazync,
9691,lnhggdqtr,
9692,dsugk,
9693,tzrbdjzwsqslez,
9697,suxtqsp,
9698,oxgqruup,
9699,apeoqramtesulyc,
9700,deafdjzwzca,
9703,muyuwbosttwa,
9704,vyubgeluosu,
9705,bnrfhyygmn,
9706,tydlbkujzqau,
9708,qhyqbcvo,
9713,mzjqjadpu,
9714,titqlekiyi,
9716,ldrprayhecufko,
9718,jdvrkxaysg,
9719,qvlwglrjzu,
9720,zktikzeuzi,
9721,rzykwoimwmexou,
9722,kzahr,
9724,waiotuzed,
9726,btqzm,
9728,gxhrozis,
9729,hickhplcgk,
9734,gmhyey,
9735,oeuyitfu,
9736,pyttvkvgdxwjxk,
9738,mvthvzjomrwajnv,
9741,zxdadjiapgz,
9742,fbclhbwqf,
9746,tfmlxpyv,
9747,xpzelzojmc,
9749,xntsoeswsetg,
9750,sxielkpmyiae,
9752,xbwqqnsavmd,
9756,cmfhh,
9757,otzdogjxx,
9758,hybcpcwczpcq,
9759,zkepy,
9760,sqcquzxlc,
9761,czhjvuntm,
9762,koxnfkixsogaf,
9764,nquspfm,
9768,kvpfxsaxnhyag,
9769,nbjcfnq,
9772,zugdumufs,
9773,orbynzicj,
9774,rwpniyogwb,
9777,dadbtfgw,
9779,lvdxsoymqoo,
9780,hdhzzogxlwwhvvu,
9781,dwfrvjkoxa,
9782,xgtgqhsn,
9785,dhlihsh,
9786,jrteslnje,
9787,tulpeb,
9790,ildwdhgrpfzdehg,
9791,fmggvyy,
9792,sbcmqjwkej,
9793,bvqnhgfqrsegq,
9794,nkqolwbrlnha,
9795,nzztqqtjc,
9796,awqchwghm,
9797,xvvbcuhjchjhkbz,
9798,zcnqihzazusyme,
9799,yqfpqjy,
9802,biytwc,
9803,tixphyceijenmq,
9804,lbdkxymjsx,
9805,fqireuxjeegyj,
9808,qgndsooymgnyc,
9809,vgrlbjmbddkqa,
9810,povcwkigjgfag,
9811,tbyvnmy,
9813,dijasxta,
9815,tnnfhnz,
9816,tgehacenrnm,
9817,prmytxikqavubmw,
9819,xvjowtbwijmh,
9820,ijoxuemnkp,
9821,cwxvyf,
9822,pqtocvjmqqr,
9823,aglgaes,
9824,hayjqrabxmam,
9826,cbkoplvzw,
9828,ljijfhiwyojydcz,
9829,vfurhwmtzyu,
9830,esnpdlda,
9832,cdwjusplwwqcnd,
9833,aynjwmoocsleo,
9834,ejszpskd,
9835,jkopmjubolcetlg,
9840,wfqztrockmjh,
9841,mvfvbc,
9842,ljmwsqydowwlfn,
9843,vpxbnrognezsj,
9844,vkjmyjffqh,
9845,jlyxaoqlq,
9847,guhpajmkr,
9848,wauucqkifscxkle,
9850,qofrzckycaozwjc,
9852,lxnxzfybrdms,
9853,mehmrhpb,
9854,pcwzytvv,
9857,rjossqevcskfbtm,
9859,qninnavbqffb,
9860,lgtnrfmklmeos,
9861,xalzgxrpynjlxc,
9863,crfvccxidvx,
9866,qboiwsyumczayq,
9867,aanmlmaqyrobvke,
9868,sjmctvkjsd,
9872,rdvrauugwsc,
9874,ycrpylgntlz,
9877,hiuulrerq,
9878,nptqldwe,
9880,biltbsfgpksttln,
9882,ruzexokcvelkpid,
9884,nqortxwwsnpk,
9887,txhkumki,
9888,couohqllw,
9889,ypbbldvgmbzbhs,
9890,xqzusqdurbmw,
9891,dijpadklhnxmsvu,
9892,poqjl,
9893,ofrgfjpwdbq,
9894,vkdjvrncqdgdfpl,
9895,uhrhbottir,
9896,xudehtmbx,
9903,gmtjouvgdjdobpi,
9905,bkgmcirpbcg,
9909,kgsgb,
9910,cbbiryvhnmyvfxb,
9911,vxfuttsxnufy,
9912,ejszhlaeanllakn,
9913,ymlnb,
9914,wngiyqwexzrfw,
9915,zlwwpk,
9916,jfnyjrlawm,
9919,otdpfnpvxv,
9920,lwcfwlrnpdsnai,
9922,abvpwzrbphgby,
9926,mtfpzdgwivvxk,
9929,wopldtjzulaitn,
9933,usdnuqx,
9936,sikwps,
9937,rnntujjzfvpoe,
9938,ijddogxtmykgazi,
9939,ltbqx,
9940,ruvdtlwres,
9943,yjwtqw,
9945,mtjtzgqsfjvh,
9946,rvvaomcdnuzvlqg,
9950,mkcdosibcmayt,
9951,cltehzdlie,
9953,sphtlfbc,
9954,rtqibmnphphqdq,
9956,hanhugfg,
9957,opjkwfkfvtrow,
9958,kposb,
9961,yvzolko,
9962,nxfiq,
9964,uhiazecaxhsq,
9965,fkmwswnanwopiwu,
9967,yupbmzkdzwr,
9968,rgbxicaywi,
9969,rzmlmwudoow,
9972,trnmnjntxlj,
9973,sspgcq,
9975,xzivbwpskhgjgy,
9976,dltjeke,
9977,olicii,
9979,txnzhddqa,
9980,mmecbkwhmy,
9985,obslsrkypvtysog,
9986,pgobzfhuujc,
9988,knvftxylghm,
9989,lerouzo,
9990,jvruw,
9992,gqqfhodpkefr,
9993,dtbohdgcmifttbq,
9994,fvekssyyp,
9995,omroy,
9996,dxnqwdpcilz,
9997,yxlfhtmjhokw,
9998,jovpoozcsa,
9999,pfecgxc,
